{"cameraMode":{"drawMode":0,"name":"Shaded","section":"Shading Mode"},"sceneLighting":false,"audioPlay":false,"sceneViewState":{"showFog":true,"showMaterialUpdate":false,"showSkybox":false,"showFlares":true,"showImageEffects":true,"showParticleSystems":true},"in2DMode":false,"pivot":{"x":-0.0000011920928955078126,"y":-0.002230525016784668,"z":0.0007255077362060547},"rotation":{"x":0.1968020498752594,"y":0.41346853971481326,"z":-0.09202463179826737,"w":0.884224534034729},"size":7.3523077964782719,"orthographic":false}