{"cameraMode":{"drawMode":0,"name":"Shaded","section":"Shading Mode"},"sceneLighting":false,"audioPlay":false,"sceneViewState":{"showFog":true,"showMaterialUpdate":false,"showSkybox":false,"showFlares":true,"showImageEffects":true,"showParticleSystems":true},"in2DMode":false,"pivot":{"x":-0.5024139881134033,"y":-0.035201072692871097,"z":-0.6797889471054077},"rotation":{"x":0.1512918621301651,"y":-0.7201406359672546,"z":0.1659587323665619,"w":0.6564890146255493},"size":1.4237205982208253,"orthographic":false}