{"cameraMode":{"drawMode":0,"name":"Shaded","section":"Shading Mode"},"sceneLighting":false,"audioPlay":false,"sceneViewState":{"showFog":true,"showMaterialUpdate":false,"showSkybox":false,"showFlares":true,"showImageEffects":true,"showParticleSystems":true},"in2DMode":false,"pivot":{"x":-4.460886478424072,"y":-5.4502692222595219,"z":-1.3852531909942628},"rotation":{"x":0.19952793419361115,"y":-0.7572230100631714,"z":0.26956334710121157,"w":0.560490608215332},"size":6.671992301940918,"orthographic":false}