{"cameraMode":{"drawMode":0,"name":"Shaded","section":"Shading Mode"},"sceneLighting":false,"audioPlay":false,"sceneViewState":{"showFog":true,"showMaterialUpdate":false,"showSkybox":false,"showFlares":true,"showImageEffects":true,"showParticleSystems":true},"in2DMode":false,"pivot":{"x":3.375910520553589,"y":-2.362398147583008,"z":1.9359016418457032},"rotation":{"x":0.4581368565559387,"y":0.058056313544511798,"z":-0.030004380270838739,"w":0.8864812254905701},"size":9.927718162536621,"orthographic":false}