{"cameraMode":{"drawMode":0,"name":"Shaded","section":"Shading Mode"},"sceneLighting":true,"audioPlay":false,"sceneViewState":{"showFog":true,"showMaterialUpdate":false,"showSkybox":true,"showFlares":true,"showImageEffects":true,"showParticleSystems":true},"in2DMode":false,"pivot":{"x":529.6104736328125,"y":0.8423662185668945,"z":731.4624633789063},"rotation":{"x":0.2037373036146164,"y":0.5886420607566834,"z":-0.7664983868598938,"w":0.1564641147851944},"size":7.072342395782471,"orthographic":false}