{"cameraMode":{"drawMode":0,"name":"Shaded","section":"Shading Mode"},"sceneLighting":true,"audioPlay":false,"sceneViewState":{"showFog":true,"showMaterialUpdate":false,"showSkybox":true,"showFlares":true,"showImageEffects":true,"showParticleSystems":true},"in2DMode":false,"pivot":{"x":534.5017700195313,"y":2.416865587234497,"z":723.7349243164063},"rotation":{"x":0.36233189702033999,"y":0.381516695022583,"z":-0.16573193669319154,"w":0.8340866565704346},"size":3.6543397903442385,"orthographic":false}