{"cameraMode":{"drawMode":0,"name":"Shaded","section":"Shading Mode"},"sceneLighting":true,"audioPlay":false,"sceneViewState":{"showFog":true,"showMaterialUpdate":false,"showSkybox":true,"showFlares":true,"showImageEffects":true,"showParticleSystems":true},"in2DMode":false,"pivot":{"x":491.10791015625,"y":-41.1723747253418,"z":665.6864013671875},"rotation":{"x":0.08093412220478058,"y":-0.9141460657119751,"z":0.22691741585731507,"w":0.3260518014431},"size":51.282066345214847,"orthographic":false}